{
  "hash": "709b75f0",
  "configHash": "5401aa92",
  "lockfileHash": "7840428c",
  "browserHash": "1ada1108",
  "optimized": {
    "@angular/common/http": {
      "src": "../../../../../../node_modules/@angular/common/fesm2022/http.mjs",
      "file": "@angular_common_http.js",
      "fileHash": "15b8490a",
      "needsInterop": false
    },
    "@angular/core": {
      "src": "../../../../../../node_modules/@angular/core/fesm2022/core.mjs",
      "file": "@angular_core.js",
      "fileHash": "281c5130",
      "needsInterop": false
    },
    "@angular/forms": {
      "src": "../../../../../../node_modules/@angular/forms/fesm2022/forms.mjs",
      "file": "@angular_forms.js",
      "fileHash": "050acfe9",
      "needsInterop": false
    },
    "@angular/platform-browser": {
      "src": "../../../../../../node_modules/@angular/platform-browser/fesm2022/platform-browser.mjs",
      "file": "@angular_platform-browser.js",
      "fileHash": "d9f8299f",
      "needsInterop": false
    },
    "@angular/router": {
      "src": "../../../../../../node_modules/@angular/router/fesm2022/router.mjs",
      "file": "@angular_router.js",
      "fileHash": "6c889acc",
      "needsInterop": false
    },
    "crypto-js": {
      "src": "../../../../../../node_modules/crypto-js/index.js",
      "file": "crypto-js.js",
      "fileHash": "59b43aee",
      "needsInterop": true
    }
  },
  "chunks": {
    "chunk-RIN6PJF6": {
      "file": "chunk-RIN6PJF6.js"
    },
    "chunk-TEZ2N2SI": {
      "file": "chunk-TEZ2N2SI.js"
    },
    "chunk-H4MOKKIM": {
      "file": "chunk-H4MOKKIM.js"
    },
    "chunk-6UYYNCV3": {
      "file": "chunk-6UYYNCV3.js"
    },
    "chunk-EIB7IA3J": {
      "file": "chunk-EIB7IA3J.js"
    }
  }
}